file_size_mb,download_time_sec
1878.96,328.8
4754.06,871.57
3662.65,601.57
2997.31,575.07
788.53,141.32
788.41,157.07
299.84,36.93
4332.22,692.34
3009.56,543.12
3543.28,549.24
112.72,19.03
4849.85,805.76
4163.89,606.88
1069.57,153.38
917.31,165.61
925.19,163.5
1528.17,257.37
2628.53,666.36
2165.41,459.57
1463.23,192.31
3063.15,393.24
706.07,118.57
1467.8,215.42
1838.15,280.27
2285.79,245.3
3928.03,534.11
1006.37,165.0
2576.03,489.2
2966.15,639.61
241.79,37.9
3041.65,555.11
860.92,180.17
334.61,59.99
4744.94,918.33
4828.5,608.4
4043.9,569.04
1530.02,246.75
497.38,65.31
3424.32,543.98
2206.36,411.9
618.97,80.95
2480.93,368.48
181.6,35.18
4547.51,750.63
1301.31,242.6
3315.99,681.38
1565.44,219.28
2605.14,323.42
2738.08,564.45
932.42,137.05
4848.23,866.76
3877.91,676.99
4698.1,830.97
4475.19,831.95
2993.52,475.34
4610.15,850.97
451.58,75.73
987.95,164.39
235.68,39.22
1633.4,310.29
1949.5,345.16
1364.03,197.75
4145.4,614.96
1790.2,340.63
1411.86,223.37
2718.05,389.86
713.21,155.93
4012.96,590.76
382.01,68.92
4934.57,725.31
3863.5,704.49
1001.59,227.0
37.56,13.38
4079.15,647.83
3537.22,545.05
3647.75,683.25
3858.64,563.19
379.48,83.0
1798.74,292.64
588.19,119.46
4316.89,775.47
3120.26,497.21
1661.18,309.25
327.16,57.22
1561.8,218.28
1632.66,289.06
3650.73,515.27
3191.41,627.3
4437.19,656.23
2366.35,309.35
606.78,160.96
3569.09,656.12
3806.32,558.28
2810.77,466.4
3857.13,582.72
2474.04,439.8
2618.44,424.39
2143.43,351.78
136.84,24.12
548.38,85.09
166.83,28.39
3185.69,547.96
1578.64,275.21
2547.77,439.97
4538.76,686.25
1253.97,215.9
2057.81,315.25
3780.2,455.71
1151.7,164.2
394.13,68.69
1455.86,197.78
814.49,140.28
4649.19,1106.38
4042.52,771.38
3170.68,725.21
4358.59,738.94
4020.32,641.95
940.98,119.4
4463.87,679.47
2701.32,449.7
4039.13,571.28
4481.5,1110.49
1596.84,246.62
559.16,80.34
1147.4,240.86
2141.27,289.72
4091.89,622.45
4305.05,739.49
44.69,7.94
2558.63,301.22
2092.88,326.11
1118.32,175.08
608.13,106.12
1694.7,314.8
4715.12,665.98
1622.78,301.48
2598.77,411.81
3518.06,610.23
1824.51,272.44
4859.19,739.21
4812.61,661.79
1266.39,222.8
2491.27,419.11
1511.38,288.62
1431.35,251.21
194.07,29.31
3051.73,435.85
2518.37,472.69
266.88,39.05
1400.45,187.56
4542.25,682.09
1205.41,152.25
733.03,133.95
2452.37,494.04
4928.4,1102.88
1217.86,157.38
3363.96,488.22
3810.48,615.59
1195.81,183.63
3643.8,711.6
1845.24,214.64
3165.21,497.34
3171.31,499.24
2683.52,386.11
460.55,70.31
4178.16,645.86
1610.69,295.82
940.73,140.15
213.47,26.55
2958.56,391.23
3391.05,432.66
92.77,17.28
2565.34,489.52
1140.21,186.35
3229.41,513.4
880.09,120.28
3457.78,763.64
1939.81,250.34
4684.28,771.38
696.23,120.76
1711.92,326.9
576.23,126.9
4624.22,658.31
4387.92,695.31
1297.13,264.08
3303.32,669.91
4087.94,691.59
2780.45,351.47
2652.96,444.28
1216.84,257.14
474.58,81.79
4487.11,754.15
4503.09,1268.02
3169.18,511.92
1701.76,285.0
1752.56,252.79
3632.52,451.11
4486.58,609.05
4436.56,743.41
3901.58,758.7
3213.74,365.7
429.86,69.03
816.53,131.68
4493.79,722.07
3036.08,472.85
55.89,12.13
516.34,91.33
3320.87,582.44
35.26,5.71
812.43,143.91
2748.18,497.72
3462.56,545.92
3263.29,544.73
1129.1,146.36
3563.77,991.56
1193.87,163.65
1633.74,224.55
3734.99,894.48
3251.67,552.23
4247.62,723.34
3291.49,680.55
2845.86,521.96
477.44,94.67
1844.9,237.66
1333.36,185.76
1227.51,163.36
4865.32,699.8
1971.56,386.29
4461.31,779.68
3159.38,468.92
3976.11,790.95
2518.16,365.02
2888.75,481.0
2467.66,420.6
984.26,141.78
3615.04,540.68
1411.05,239.71
131.34,18.82
3230.91,625.17
893.78,132.59
4702.89,687.64
4770.1,804.15
4575.17,698.9
1857.09,373.08
87.13,13.29
4642.31,766.0
2146.64,375.42
4833.61,663.89
4818.46,876.58
4266.52,882.86
1479.3,316.41
1931.64,283.71
4257.17,857.59
1591.44,198.9
855.77,206.55
2788.44,355.65
4681.41,724.85
3483.19,567.83
2854.61,500.7
494.91,75.58
3078.89,495.76
4950.37,674.12
709.02,113.52
2596.46,406.32
4388.09,747.1
3706.44,600.86
3488.11,535.83
3515.4,774.75
1803.86,368.76
1475.02,211.17
4048.71,637.89
4052.47,671.99
4336.69,692.99
4567.07,695.0
2561.6,449.7
2512.57,460.66
3993.49,619.68
3253.32,619.25
3512.81,527.79
3981.01,878.07
4451.13,613.77
1696.6,254.22
1884.16,289.66
478.97,66.76
2895.62,366.28
189.35,26.74
2333.33,529.34
2717.8,550.94
1439.84,257.17
2958.26,471.9
162.2,24.73
196.37,36.44
4114.78,640.64
1807.35,330.02
644.03,118.0
2615.99,541.15
3852.27,730.46
1086.95,224.76
3118.22,591.58
435.88,63.68
267.89,50.73
2661.46,302.18
2707.77,402.27
3190.78,499.02
3633.2,676.9
4879.5,704.51
2586.34,458.14
1621.55,255.03
3977.98,451.65
1361.45,222.01
2200.47,297.68
401.5,74.16
136.5,22.6
4813.62,605.71
4181.54,745.18
3482.91,434.58
2050.68,294.95
874.74,156.77
790.62,118.72
1258.71,175.28
2750.64,401.68
3575.83,766.27
3304.38,598.6
1406.87,235.43
4774.78,773.94
3692.11,537.61
2776.23,432.6
3062.49,623.24
2103.8,317.34
1246.18,181.86
1786.3,267.26
3791.65,518.42
81.82,16.61
589.2,88.67
239.55,39.32
213.24,47.53
4278.75,641.44
3521.25,545.45
2376.13,365.88
498.19,100.54
2463.16,477.98
2372.62,326.45
874.28,141.02
2174.92,313.87
1998.54,320.6
3083.09,491.88
3179.12,442.35
236.07,49.08
1879.32,296.23
3133.04,543.11
2520.65,439.61
4283.88,721.5
3296.88,509.63
823.04,142.8
362.14,48.79
3215.67,600.61
142.29,25.24
2933.02,504.9
4701.75,611.92
2881.62,455.57
1946.97,269.9
3220.01,677.27
2296.68,352.96
2732.63,384.21
4707.91,744.6
1936.65,265.57
4806.34,838.62
4527.7,594.4
987.0,116.35
356.11,60.81
512.88,89.05
100.93,13.9
481.27,64.1
3418.2,598.83
365.23,64.85
1601.69,268.39
4225.93,862.27
126.13,24.64
4074.2,776.68
1416.46,258.83
599.64,98.62
3486.72,537.95
3148.42,404.77
4388.59,836.02
3678.0,508.43
4019.37,666.31
1417.35,234.17
895.42,131.73
3755.57,737.28
4036.11,609.55
4952.62,772.04
2068.96,308.05
1866.37,286.32
3884.3,448.99
1710.61,304.95
4654.48,814.87
4293.48,763.28
2150.68,378.26
3756.85,671.36
3775.17,508.45
524.59,69.1
4513.74,795.53
2531.21,468.14
4134.02,617.36
1607.05,285.39
4478.66,655.35
1952.12,304.84
64.08,14.1
4527.86,582.43
465.52,58.72
1603.38,284.87
4750.81,813.16
4753.53,727.36
2871.46,439.58
3162.87,458.75
2247.74,273.64
1473.12,244.18
1650.04,306.05
3365.87,692.57
3764.35,683.49
3959.98,637.08
3950.19,492.13
465.12,81.38
2477.16,384.65
297.22,48.76
2752.15,371.7
2213.24,252.23
4439.64,776.41
1761.07,307.6
594.16,81.57
723.53,104.49
3809.94,470.57
3094.91,457.58
514.6,89.36
429.69,63.47
3507.84,477.22
373.09,53.41
4111.08,610.63
3534.15,484.65
415.93,56.37
433.34,57.07
4933.33,715.26
1877.61,310.29
1859.5,292.86
4065.87,545.74
4736.77,871.87
4930.15,745.01
3769.36,648.76
1887.54,301.15
426.67,58.87
3887.96,605.09
2796.44,444.85
2126.87,435.28
4532.71,648.07
564.88,83.35
2468.2,295.61
66.65,12.77
2348.62,364.18
290.95,44.83
602.9,82.21
596.46,99.32
3249.56,498.23
3732.76,550.17
2921.01,455.19
4811.24,830.32
1880.6,293.9
1435.7,198.54
4344.31,833.29
1125.74,176.57
4816.48,868.47
70.65,13.44
4849.7,1026.38
225.37,40.3
4456.8,673.35
2643.23,339.07
4964.89,804.25
378.24,70.72
2773.73,341.54
4846.82,1009.53
2620.26,647.12
3150.7,474.23
3481.79,607.3
2278.16,436.2
3141.51,454.01
2925.73,453.51
4506.78,795.43
236.78,51.41
1412.01,198.68
4752.55,690.87
4452.42,724.8
2283.73,284.83
3104.46,601.28
1394.13,297.33
948.72,172.29
2323.86,374.84
1773.23,274.27
2922.44,492.63
397.9,64.43
4872.23,974.81
4931.19,641.2
3493.83,566.67
2685.12,366.41
1554.54,238.35
4070.84,607.34
3426.81,503.54
821.46,125.4
4555.53,662.9
4114.46,544.04
4749.5,738.09
3631.34,522.88
3070.94,499.04
2097.03,273.94
4664.32,838.61
4331.66,541.13
235.64,39.46
141.57,31.52
1888.55,296.36
4054.66,729.01
4936.51,696.21
760.58,136.31
2974.71,514.49
1910.65,445.38
4849.87,836.67
4212.17,1101.67
4193.26,901.08
2348.78,335.38
2079.95,296.84
1374.3,207.85
291.31,56.58
4324.96,697.63
4066.38,651.65
4998.59,984.02
4983.22,643.93
2781.6,390.28
3847.25,640.27
4724.38,752.72
4249.74,660.07
1244.27,296.01
2258.22,380.95
654.51,118.24
4770.71,909.58
3034.81,508.68
1150.93,143.56
3361.79,491.0
3094.46,553.33
1797.23,264.11
576.65,76.28
3361.15,470.4
2606.34,416.33
3863.87,690.95
2605.62,375.75
4262.39,642.39
2764.02,388.62
2809.08,407.99
4384.5,602.1
2023.38,354.72
678.74,92.06
153.63,23.97
3778.13,455.15
3105.34,559.42
3523.36,442.74
1072.69,166.46
690.49,124.63
82.58,15.56
1759.43,297.95
2953.69,443.94
1967.3,292.16
2193.0,388.8
4521.75,726.78
1747.79,210.88
2574.81,323.79
3920.43,586.46
1988.75,316.37
3114.21,489.49
4313.19,630.73
4748.11,910.19
743.9,126.47
4633.67,1012.5
2465.66,371.69
1298.64,188.52
2301.09,399.62
4900.36,627.18
2468.16,491.39
1650.47,345.25
3170.67,491.09
1208.33,167.59
388.56,58.58
653.11,116.84
648.95,90.09
767.99,124.46
702.75,117.15
3207.96,452.0
917.58,133.13
1734.88,372.0
4484.97,583.21
2375.07,312.0
3341.11,595.31
869.88,132.22
969.52,144.07
213.93,33.53
